{"cameraMode":{"drawMode":0,"name":"Shaded","section":"Shading Mode"},"sceneLighting":true,"audioPlay":false,"sceneViewState":{"m_AlwaysRefresh":false,"showFog":true,"showSkybox":true,"showFlares":true,"showImageEffects":true,"showParticleSystems":true,"showVisualEffectGraphs":true,"m_FxEnabled":true},"in2DMode":false,"pivot":{"x":-0.12294864654541016,"y":5.299225807189941,"z":-1.5138731002807618},"rotation":{"x":-0.017548207193613054,"y":0.9503490328788757,"z":-0.05452379956841469,"w":-0.30587491393089297},"size":7.586129188537598,"orthographic":false}